[{"model": "doab_check.item", "pk": 1, "fields": {"doab": "oai:doab-books:20.500.12854/99036", "created": "2023-04-19T18:34:20.092Z", "resource_type": "book", "title": "La insulación del sistema educativo peruano", "publisher_name": "Instituto Universitario de Innovación Ciencia y Tecnología Inudi Perú", "status": 1}}, {"model": "doab_check.item", "pk": 2, "fields": {"doab": "oai:doab-books:20.500.12854/98722", "created": "2023-04-19T18:37:11.955Z", "resource_type": "book", "title": "Back to the Future. ISPI Report 2023", "publisher_name": "Ledizioni", "status": 1}}, {"model": "doab_check.item", "pk": 3, "fields": {"doab": "oai:doab-books:20.500.12854/99390", "created": "2023-04-19T18:37:11.975Z", "resource_type": "book", "title": "Owning Books and Preserving Documents in Medieval Jerusalem", "publisher_name": "Edinburgh University Press", "status": 1}}, {"model": "doab_check.item", "pk": 4, "fields": {"doab": "oai:doab-books:20.500.12854/98961", "created": "2023-04-19T18:37:11.990Z", "resource_type": "book", "title": "Prostate Cancer", "publisher_name": "MDPI - Multidisciplinary Digital Publishing Institute", "status": 1}}, {"model": "doab_check.item", "pk": 5, "fields": {"doab": "oai:doab-books:20.500.12854/99160", "created": "2023-04-19T18:37:12.001Z", "resource_type": "book", "title": "Learning to Quantify", "publisher_name": "Springer Nature", "status": 1}}, {"model": "doab_check.item", "pk": 6, "fields": {"doab": "oai:doab-books:20.500.12854/99282", "created": "2023-04-19T18:37:12.016Z", "resource_type": "book", "title": "Moralities of Drone Violence", "publisher_name": "Edinburgh University Press", "status": 1}}, {"model": "doab_check.item", "pk": 7, "fields": {"doab": "oai:doab-books:20.500.12854/99391", "created": "2023-04-19T18:37:12.032Z", "resource_type": "book", "title": "Divining without Seeds", "publisher_name": "Cornell University Press", "status": 1}}, {"model": "doab_check.item", "pk": 8, "fields": {"doab": "oai:doab-books:20.500.12854/99060", "created": "2023-04-19T18:37:12.047Z", "resource_type": "book", "title": "Specchiate sembianze", "publisher_name": "UNICApress", "status": 1}}, {"model": "doab_check.item", "pk": 9, "fields": {"doab": "oai:doab-books:20.500.12854/99094", "created": "2023-04-19T18:37:12.056Z", "resource_type": "book", "title": "Space–Time Conservation Element and Solution Element Method", "publisher_name": "Springer Nature", "status": 1}}, {"model": "doab_check.item", "pk": 10, "fields": {"doab": "oai:doab-books:20.500.12854/98771", "created": "2023-04-19T18:37:12.071Z", "resource_type": "book", "title": "Emotion Intelligence Based on Smart Sensing", "publisher_name": "MDPI - Multidisciplinary Digital Publishing Institute", "status": 1}}, {"model": "doab_check.link", "pk": 1, "fields": {"url": "https://editorial.inudi.edu.pe/index.php/editorialinudi/catalog", "created": "2023-04-19T18:34:20.102Z", "live": true, "provider": "editorial.inudi.edu.pe"}}, {"model": "doab_check.link", "pk": 2, "fields": {"url": "https://doi.org/10.35622/inudi.b.081", "created": "2023-04-19T18:34:20.107Z", "live": true, "provider": "doi.org"}}, {"model": "doab_check.link", "pk": 3, "fields": {"url": "https://www.ledipublishing.com/book/9788855268691/back-to-the-future/", "created": "2023-04-19T18:37:11.962Z", "live": true, "provider": "ledipublishing.com"}}, {"model": "doab_check.link", "pk": 4, "fields": {"url": "https://www.ledizioni.it/download/55659/", "created": "2023-04-19T18:37:11.965Z", "live": true, "provider": "ledizioni.it"}}, {"model": "doab_check.link", "pk": 5, "fields": {"url": "https://library.oapen.org/handle/20.500.12657/62321", "created": "2023-04-19T18:37:11.982Z", "live": true, "provider": "library.oapen.org"}}, {"model": "doab_check.link", "pk": 6, "fields": {"url": "https://library.oapen.org/bitstream/20.500.12657/62321/1/external_content.pdf", "created": "2023-04-19T18:37:11.985Z", "live": true, "provider": "library.oapen.org"}}, {"model": "doab_check.link", "pk": 7, "fields": {"url": "https://mdpi.com/books/pdfview/book/7014", "created": "2023-04-19T18:37:11.995Z", "live": true, "provider": "mdpi.com"}}, {"model": "doab_check.link", "pk": 8, "fields": {"url": "https://library.oapen.org/handle/20.500.12657/62385", "created": "2023-04-19T18:37:12.007Z", "live": true, "provider": "library.oapen.org"}}, {"model": "doab_check.link", "pk": 9, "fields": {"url": "https://library.oapen.org/bitstream/20.500.12657/62385/1/978-3-031-20467-8.pdf", "created": "2023-04-19T18:37:12.010Z", "live": true, "provider": "library.oapen.org"}}, {"model": "doab_check.link", "pk": 10, "fields": {"url": "https://library.oapen.org/handle/20.500.12657/62317", "created": "2023-04-19T18:37:12.022Z", "live": true, "provider": "library.oapen.org"}}, {"model": "doab_check.link", "pk": 11, "fields": {"url": "https://library.oapen.org/bitstream/20.500.12657/62317/1/external_content.pdf", "created": "2023-04-19T18:37:12.027Z", "live": true, "provider": "library.oapen.org"}}, {"model": "doab_check.link", "pk": 12, "fields": {"url": "https://library.oapen.org/handle/20.500.12657/62115", "created": "2023-04-19T18:37:12.039Z", "live": true, "provider": "library.oapen.org"}}, {"model": "doab_check.link", "pk": 13, "fields": {"url": "https://library.oapen.org/bitstream/20.500.12657/62115/1/9780801460906.pdf", "created": "2023-04-19T18:37:12.042Z", "live": true, "provider": "library.oapen.org"}}, {"model": "doab_check.link", "pk": 14, "fields": {"url": "https://ojs.unica.it/index.php/medea/article/view/5129/5075", "created": "2023-04-19T18:37:12.051Z", "live": true, "provider": "ojs.unica.it"}}, {"model": "doab_check.link", "pk": 15, "fields": {"url": "https://library.oapen.org/handle/20.500.12657/62457", "created": "2023-04-19T18:37:12.062Z", "live": true, "provider": "library.oapen.org"}}, {"model": "doab_check.link", "pk": 16, "fields": {"url": "https://library.oapen.org/bitstream/20.500.12657/62457/1/978-981-99-0876-9.pdf", "created": "2023-04-19T18:37:12.065Z", "live": true, "provider": "library.oapen.org"}}, {"model": "doab_check.link", "pk": 17, "fields": {"url": "https://mdpi.com/books/pdfview/book/6798", "created": "2023-04-19T18:37:12.076Z", "live": true, "provider": "mdpi.com"}}, {"model": "doab_check.timestamp", "pk": 1, "fields": {"created": "2023-04-19T18:34:20.099Z", "datetime": "2023-04-05T19:49:17Z", "item": 1}}, {"model": "doab_check.timestamp", "pk": 2, "fields": {"created": "2023-04-19T18:37:11.958Z", "datetime": "2023-04-05T08:49:56Z", "item": 2}}, {"model": "doab_check.timestamp", "pk": 3, "fields": {"created": "2023-04-19T18:37:11.978Z", "datetime": "2023-04-18T10:56:24Z", "item": 3}}, {"model": "doab_check.timestamp", "pk": 4, "fields": {"created": "2023-04-19T18:37:11.980Z", "datetime": "2023-04-12T05:32:01Z", "item": 3}}, {"model": "doab_check.timestamp", "pk": 5, "fields": {"created": "2023-04-19T18:37:11.992Z", "datetime": "2023-04-05T13:01:08Z", "item": 4}}, {"model": "doab_check.timestamp", "pk": 6, "fields": {"created": "2023-04-19T18:37:12.003Z", "datetime": "2023-04-18T09:55:12Z", "item": 5}}, {"model": "doab_check.timestamp", "pk": 7, "fields": {"created": "2023-04-19T18:37:12.006Z", "datetime": "2023-04-13T14:03:24Z", "item": 5}}, {"model": "doab_check.timestamp", "pk": 8, "fields": {"created": "2023-04-19T18:37:12.018Z", "datetime": "2023-04-18T10:25:59Z", "item": 6}}, {"model": "doab_check.timestamp", "pk": 9, "fields": {"created": "2023-04-19T18:37:12.021Z", "datetime": "2023-04-12T05:31:34Z", "item": 6}}, {"model": "doab_check.timestamp", "pk": 10, "fields": {"created": "2023-04-19T18:37:12.034Z", "datetime": "2023-04-18T10:56:26Z", "item": 7}}, {"model": "doab_check.timestamp", "pk": 11, "fields": {"created": "2023-04-19T18:37:12.037Z", "datetime": "2023-03-29T15:50:43Z", "item": 7}}, {"model": "doab_check.timestamp", "pk": 12, "fields": {"created": "2023-04-19T18:37:12.049Z", "datetime": "2023-04-18T07:57:11Z", "item": 8}}, {"model": "doab_check.timestamp", "pk": 13, "fields": {"created": "2023-04-19T18:37:12.058Z", "datetime": "2023-04-18T09:40:04Z", "item": 9}}, {"model": "doab_check.timestamp", "pk": 14, "fields": {"created": "2023-04-19T18:37:12.060Z", "datetime": "2023-04-13T14:05:53Z", "item": 9}}, {"model": "doab_check.timestamp", "pk": 15, "fields": {"created": "2023-04-19T18:37:12.074Z", "datetime": "2023-04-05T12:50:21Z", "item": 10}}, {"model": "doab_check.linkrel", "pk": 1, "fields": {"role": "identifier", "link": 1, "item": 1, "status": 1}}, {"model": "doab_check.linkrel", "pk": 2, "fields": {"role": "identifier", "link": 2, "item": 1, "status": 1}}, {"model": "doab_check.linkrel", "pk": 3, "fields": {"role": "identifier", "link": 3, "item": 2, "status": 1}}, {"model": "doab_check.linkrel", "pk": 4, "fields": {"role": "identifier", "link": 4, "item": 2, "status": 1}}, {"model": "doab_check.linkrel", "pk": 5, "fields": {"role": "identifier", "link": 5, "item": 3, "status": 1}}, {"model": "doab_check.linkrel", "pk": 6, "fields": {"role": "identifier", "link": 6, "item": 3, "status": 1}}, {"model": "doab_check.linkrel", "pk": 7, "fields": {"role": "identifier", "link": 7, "item": 4, "status": 1}}, {"model": "doab_check.linkrel", "pk": 8, "fields": {"role": "identifier", "link": 8, "item": 5, "status": 1}}, {"model": "doab_check.linkrel", "pk": 9, "fields": {"role": "identifier", "link": 9, "item": 5, "status": 1}}, {"model": "doab_check.linkrel", "pk": 10, "fields": {"role": "identifier", "link": 10, "item": 6, "status": 1}}, {"model": "doab_check.linkrel", "pk": 11, "fields": {"role": "identifier", "link": 11, "item": 6, "status": 1}}, {"model": "doab_check.linkrel", "pk": 12, "fields": {"role": "identifier", "link": 12, "item": 7, "status": 1}}, {"model": "doab_check.linkrel", "pk": 13, "fields": {"role": "identifier", "link": 13, "item": 7, "status": 1}}, {"model": "doab_check.linkrel", "pk": 14, "fields": {"role": "identifier", "link": 14, "item": 8, "status": 1}}, {"model": "doab_check.linkrel", "pk": 15, "fields": {"role": "identifier", "link": 15, "item": 9, "status": 1}}, {"model": "doab_check.linkrel", "pk": 16, "fields": {"role": "identifier", "link": 16, "item": 9, "status": 1}}, {"model": "doab_check.linkrel", "pk": 17, "fields": {"role": "identifier", "link": 17, "item": 10, "status": 1}}, {"model": "doab_check.check", "pk": 1, "fields": {"created": "2023-04-19T18:38:04.972Z", "link": 10, "return_code": 200, "content_type": "html", "location": null}}, {"model": "doab_check.check", "pk": 2, "fields": {"created": "2023-04-19T18:38:05.741Z", "link": 2, "return_code": 200, "content_type": "html", "location": null}}, {"model": "doab_check.check", "pk": 3, "fields": {"created": "2023-04-19T18:38:07.082Z", "link": 7, "return_code": 200, "content_type": "html", "location": null}}, {"model": "doab_check.check", "pk": 4, "fields": {"created": "2023-04-19T18:38:08.145Z", "link": 16, "return_code": 200, "content_type": "pdf", "location": null}}, {"model": "doab_check.check", "pk": 5, "fields": {"created": "2023-04-19T18:38:08.932Z", "link": 11, "return_code": 200, "content_type": "pdf", "location": null}}, {"model": "doab_check.check", "pk": 6, "fields": {"created": "2023-04-19T18:38:11.423Z", "link": 8, "return_code": 200, "content_type": "html", "location": null}}, {"model": "doab_check.check", "pk": 7, "fields": {"created": "2023-04-19T18:38:12.861Z", "link": 14, "return_code": 200, "content_type": "html", "location": null}}, {"model": "doab_check.check", "pk": 8, "fields": {"created": "2023-04-19T18:38:13.779Z", "link": 13, "return_code": 200, "content_type": "pdf", "location": null}}, {"model": "doab_check.check", "pk": 9, "fields": {"created": "2023-04-19T18:38:14.754Z", "link": 4, "return_code": 200, "content_type": "html", "location": null}}, {"model": "doab_check.check", "pk": 10, "fields": {"created": "2023-04-19T18:38:15.313Z", "link": 3, "return_code": 200, "content_type": "html", "location": null}}]